consulta_id,tipo,variante,hit,mrr,ndcg,precision,recall,posicion_primer_relevante,similitud_top1,reranker_top1,top_n
D01,directa,A,1.0,1.0,1.0,0.25,1.0,1,0.8358,0.1667,guia-costos-de-envio-1 guia-cobertura-y-zonas-de-entrega-1 faq-20 guia-reembolso-del-costo-de-envio-1
D01,directa,B,1.0,1.0,1.0,0.25,1.0,1,0.8358,0.1667,guia-costos-de-envio-1 guia-cobertura-y-zonas-de-entrega-1 guia-tiempos-de-alistamiento-y-entrega-1 guia-transportadoras-aliadas-1
D01,directa,C,1.0,1.0,1.0,0.25,1.0,1,0.8358,0.1667,guia-costos-de-envio-1 guia-cobertura-y-zonas-de-entrega-1 guia-tiempos-de-alistamiento-y-entrega-1 guia-transportadoras-aliadas-1
D02,directa,A,1.0,1.0,1.0,0.5,1.0,1,0.9015,0.9974,politica-categorias-que-no-admiten-devolucion-1 politica-categorias-que-admiten-devolucion-1 politica-excepciones-que-siempre-aplican-1 politica-proceso-de-devolucion-1
D02,directa,B,1.0,1.0,1.0,0.5,1.0,1,0.9015,0.9974,politica-categorias-que-no-admiten-devolucion-1 politica-categorias-que-admiten-devolucion-1 politica-excepciones-que-siempre-aplican-1 faq-21
D02,directa,C,1.0,1.0,1.0,0.5,1.0,1,0.9015,0.9974,politica-categorias-que-no-admiten-devolucion-1 politica-categorias-que-admiten-devolucion-1 politica-excepciones-que-siempre-aplican-1 faq-21
D03,directa,A,1.0,1.0,1.0,0.5,1.0,1,0.917,0.9997,faq-12 faq-13 faq-16 faq-01
D03,directa,B,1.0,1.0,1.0,0.5,1.0,1,0.917,0.9997,faq-12 faq-13 faq-16 faq-01
D03,directa,C,1.0,1.0,1.0,0.5,1.0,1,0.917,0.9997,faq-12 faq-13 faq-16 faq-01
D04,directa,A,1.0,1.0,1.0,0.25,1.0,1,0.9006,0.9995,catalogo-hog-0501 catalogo-hog-0077 catalogo-hog-0118 catalogo-hig-0090
D04,directa,B,1.0,1.0,1.0,0.25,1.0,1,0.9006,0.9995,catalogo-hog-0501 guia-costos-de-envio-1 catalogo-hig-0090 catalogo-hig-0015
D04,directa,C,1.0,1.0,1.0,0.25,1.0,1,0.9006,0.9995,catalogo-hog-0501 guia-costos-de-envio-1 catalogo-hig-0090 catalogo-hig-0015
D05,directa,A,1.0,1.0,0.9639,0.5,1.0,1,0.8617,0.9599,guia-metodos-de-pago-1 guia-reembolsos-al-medio-de-pago-1 faq-22 guia-pagos-a-cuotas-1
D05,directa,B,1.0,1.0,0.9448,0.5,1.0,1,0.8617,0.9599,guia-metodos-de-pago-1 guia-reembolsos-al-medio-de-pago-1 guia-pagos-a-cuotas-1 faq-22
D05,directa,C,1.0,1.0,0.9448,0.5,1.0,1,0.8617,0.9599,guia-metodos-de-pago-1 guia-reembolsos-al-medio-de-pago-1 guia-pagos-a-cuotas-1 faq-22
D06,directa,A,1.0,1.0,0.9639,0.5,1.0,1,0.8893,0.9977,faq-04 faq-02 politica-situaciones-que-requieren-intervencion-de-un-agente-humano-1 faq-21
D06,directa,B,1.0,1.0,1.0,0.5,1.0,1,0.8893,0.9977,faq-04 politica-situaciones-que-requieren-intervencion-de-un-agente-humano-1 faq-03 politica-reglas-de-comunicacion-1
D06,directa,C,1.0,1.0,1.0,0.5,1.0,1,0.8893,0.9977,faq-04 politica-situaciones-que-requieren-intervencion-de-un-agente-humano-1 faq-03 politica-reglas-de-comunicacion-1
P01,parafrasis,A,1.0,1.0,1.0,0.25,1.0,1,0.8357,0.6444,faq-02 faq-03 faq-10 faq-07
P01,parafrasis,B,1.0,1.0,1.0,0.25,1.0,1,0.8357,0.6444,faq-02 faq-03 politica-reglas-de-comunicacion-1 faq-04
P01,parafrasis,C,1.0,1.0,1.0,0.25,1.0,1,0.8357,0.6444,faq-02 faq-03 politica-reglas-de-comunicacion-1 faq-04
P02,parafrasis,A,1.0,1.0,0.2421,0.25,0.3333,1,0.8613,0.1426,politica-proceso-de-devolucion-1 faq-11 politica-categorias-que-no-admiten-devolucion-1 guia-pagos-rechazados-y-cobros-duplicados-1
P02,parafrasis,B,1.0,1.0,0.879,0.5,0.6667,1,0.8613,0.1426,politica-plazos-generales-1 politica-proceso-de-devolucion-1 politica-excepciones-que-siempre-aplican-1 faq-09
P02,parafrasis,C,1.0,1.0,0.879,0.5,0.6667,1,0.8613,0.1426,politica-plazos-generales-1 politica-proceso-de-devolucion-1 politica-excepciones-que-siempre-aplican-1 faq-09
P03,parafrasis,A,1.0,1.0,0.7967,0.5,1.0,1,0.8372,0.1338,faq-20 guia-facturacion-electronica-1 faq-04 faq-01
P03,parafrasis,B,1.0,1.0,1.0,0.5,1.0,1,0.8372,0.1338,guia-facturacion-electronica-1 faq-20 guia-pagos-rechazados-y-cobros-duplicados-1 politica-situaciones-que-requieren-intervencion-de-un-agente-humano-1
P03,parafrasis,C,1.0,1.0,1.0,0.5,1.0,1,0.8372,0.1338,guia-facturacion-electronica-1 faq-20 guia-pagos-rechazados-y-cobros-duplicados-1 politica-situaciones-que-requieren-intervencion-de-un-agente-humano-1
P04,parafrasis,A,0.0,0.0,0.0,0.0,0.0,0,0.8328,0.0033,faq-16 politica-proceso-de-devolucion-1 politica-categorias-que-admiten-devolucion-1 politica-categorias-que-no-admiten-devolucion-1
P04,parafrasis,B,1.0,0.3333,0.5,0.25,1.0,3,0.8328,0.0033,politica-plazos-generales-1 politica-proceso-de-devolucion-1 guia-cambios-de-direccion-1 faq-16
P04,parafrasis,C,0.0,0.0,0.0,0.0,0.0,0,0.8328,0.0033,
P05,parafrasis,A,1.0,0.25,0.4307,0.25,1.0,4,0.833,0.01,faq-15 faq-11 catalogo-pap-0012 catalogo-hog-0233
P05,parafrasis,B,1.0,1.0,1.0,0.25,1.0,1,0.833,0.01,catalogo-hog-0233 faq-15 catalogo-hog-0118 faq-11
P05,parafrasis,C,1.0,1.0,1.0,0.25,1.0,1,0.833,0.01,catalogo-hog-0233 faq-15 catalogo-hog-0118 faq-11
P06,parafrasis,A,0.0,0.0,0.0,0.0,0.0,0,0.8113,0.0004,faq-02 politica-situaciones-que-requieren-intervencion-de-un-agente-humano-1 faq-21 faq-05
P06,parafrasis,B,1.0,0.25,0.3558,0.25,0.5,4,0.8113,0.0004,guia-reembolso-del-costo-de-envio-1 faq-05 guia-retrasos-en-la-entrega-1 guia-transportadoras-aliadas-1
P06,parafrasis,C,0.0,0.0,0.0,0.0,0.0,0,0.8113,0.0004,
P07,parafrasis,A,1.0,1.0,1.0,0.25,1.0,1,0.8418,0.068,faq-19 faq-21 faq-07 faq-20
P07,parafrasis,B,1.0,1.0,1.0,0.25,1.0,1,0.8418,0.068,faq-19 guia-cambios-de-direccion-1 politica-situaciones-que-requieren-intervencion-de-un-agente-humano-1 faq-21
P07,parafrasis,C,1.0,1.0,1.0,0.25,1.0,1,0.8418,0.068,faq-19 guia-cambios-de-direccion-1 politica-situaciones-que-requieren-intervencion-de-un-agente-humano-1 faq-21
P08,parafrasis,A,1.0,1.0,0.9639,0.5,1.0,1,0.847,0.1764,catalogo-cui-0021 catalogo-cui-0034 catalogo-cui-0050 catalogo-hog-0077
P08,parafrasis,B,1.0,1.0,1.0,0.5,1.0,1,0.847,0.1764,catalogo-cui-0021 catalogo-cui-0050 catalogo-cui-0034 catalogo-hig-0042
P08,parafrasis,C,1.0,1.0,1.0,0.5,1.0,1,0.847,0.1764,catalogo-cui-0021 catalogo-cui-0050 catalogo-cui-0034 catalogo-hig-0042
X01,distractor,A,1.0,1.0,0.8262,0.25,0.5,1,0.8781,0.9645,guia-reembolso-del-costo-de-envio-1 politica-excepciones-que-siempre-aplican-1 faq-06 politica-categorias-que-no-admiten-devolucion-1
X01,distractor,B,1.0,1.0,0.8262,0.25,0.5,1,0.8781,0.9645,guia-reembolso-del-costo-de-envio-1 faq-06 politica-proceso-de-devolucion-1 guia-reembolsos-al-medio-de-pago-1
X01,distractor,C,1.0,1.0,0.8262,0.25,0.5,1,0.8781,0.9645,guia-reembolso-del-costo-de-envio-1 faq-06 politica-proceso-de-devolucion-1 guia-reembolsos-al-medio-de-pago-1
X02,distractor,A,1.0,1.0,1.0,0.25,1.0,1,0.8807,0.9979,faq-16 politica-categorias-que-no-admiten-devolucion-1 faq-06 politica-proceso-de-devolucion-1
X02,distractor,B,1.0,1.0,1.0,0.25,1.0,1,0.8807,0.9979,faq-16 politica-excepciones-que-siempre-aplican-1 faq-06 faq-15
X02,distractor,C,1.0,1.0,1.0,0.25,1.0,1,0.8807,0.9979,faq-16 politica-excepciones-que-siempre-aplican-1 faq-06 faq-15
X03,distractor,A,1.0,1.0,0.8262,0.25,0.5,1,0.8302,0.2387,guia-pagos-rechazados-y-cobros-duplicados-1 faq-07 guia-reembolsos-al-medio-de-pago-1 faq-14
X03,distractor,B,1.0,1.0,1.0,0.5,1.0,1,0.8302,0.2387,guia-pagos-rechazados-y-cobros-duplicados-1 politica-situaciones-que-requieren-intervencion-de-un-agente-humano-1 guia-pagos-a-cuotas-1 guia-reembolsos-al-medio-de-pago-1
X03,distractor,C,1.0,1.0,1.0,0.5,1.0,1,0.8302,0.2387,guia-pagos-rechazados-y-cobros-duplicados-1 politica-situaciones-que-requieren-intervencion-de-un-agente-humano-1 guia-pagos-a-cuotas-1 guia-reembolsos-al-medio-de-pago-1
X04,distractor,A,1.0,1.0,1.0,0.25,1.0,1,0.8601,0.7879,guia-retrasos-en-la-entrega-1 faq-10 politica-excepciones-que-siempre-aplican-1 faq-06
X04,distractor,B,1.0,1.0,1.0,0.25,1.0,1,0.8601,0.7879,guia-retrasos-en-la-entrega-1 politica-situaciones-que-requieren-intervencion-de-un-agente-humano-1 guia-reembolso-del-costo-de-envio-1 politica-excepciones-que-siempre-aplican-1
X04,distractor,C,1.0,1.0,1.0,0.25,1.0,1,0.8601,0.7879,guia-retrasos-en-la-entrega-1 politica-situaciones-que-requieren-intervencion-de-un-agente-humano-1 guia-reembolso-del-costo-de-envio-1 politica-excepciones-que-siempre-aplican-1
X05,multidocumento,A,1.0,1.0,0.6733,0.5,0.6667,1,0.8497,0.6975,faq-21 politica-categorias-que-no-admiten-devolucion-1 politica-categorias-que-admiten-devolucion-1 politica-excepciones-que-siempre-aplican-1
X05,multidocumento,B,1.0,1.0,0.9871,0.75,1.0,1,0.8497,0.6975,faq-21 catalogo-hog-0312 catalogo-pap-0040 politica-categorias-que-no-admiten-devolucion-1
X05,multidocumento,C,1.0,1.0,0.9871,0.75,1.0,1,0.8497,0.6975,faq-21 catalogo-hog-0312 catalogo-pap-0040 politica-categorias-que-no-admiten-devolucion-1
X06,multidocumento,A,1.0,1.0,0.6052,0.5,0.6667,1,0.8421,0.0978,politica-categorias-que-no-admiten-devolucion-1 faq-16 politica-excepciones-que-siempre-aplican-1 politica-categorias-que-admiten-devolucion-1
X06,multidocumento,B,1.0,1.0,0.6759,0.75,1.0,1,0.8421,0.0978,catalogo-hig-0090 faq-16 politica-categorias-que-no-admiten-devolucion-1 politica-excepciones-que-siempre-aplican-1
X06,multidocumento,C,1.0,1.0,0.6759,0.75,1.0,1,0.8421,0.0978,catalogo-hig-0090 faq-16 politica-categorias-que-no-admiten-devolucion-1 politica-excepciones-que-siempre-aplican-1
F01,fuera_de_alcance,A,,,,,,,0.8255,0.0331,faq-19 catalogo-hog-0420 catalogo-pap-0012 catalogo-hog-0118
F01,fuera_de_alcance,B,,,,,,,0.8255,0.0331,faq-19 guia-transportadoras-aliadas-1 catalogo-hog-0077 catalogo-hog-0420
F01,fuera_de_alcance,C,,,,,,,0.8255,0.0331,faq-19 guia-transportadoras-aliadas-1 catalogo-hog-0077 catalogo-hog-0420
F02,fuera_de_alcance,A,,,,,,,0.793,0.0,faq-16 guia-transportadoras-aliadas-1 catalogo-ali-0120 politica-excepciones-que-siempre-aplican-1
F02,fuera_de_alcance,B,,,,,,,0.793,0.0,faq-16 guia-transportadoras-aliadas-1 catalogo-ali-0120 politica-excepciones-que-siempre-aplican-1
F02,fuera_de_alcance,C,,,,,,,0.793,0.0,
F03,fuera_de_alcance,A,,,,,,,0.7771,0.0,faq-17 faq-18 faq-14 politica-presentacion-1
F03,fuera_de_alcance,B,,,,,,,0.7771,0.0,faq-17 faq-18 faq-14 politica-presentacion-1
F03,fuera_de_alcance,C,,,,,,,0.7771,0.0,
F04,fuera_de_alcance,A,,,,,,,0.8074,0.0008,catalogo-ele-0009 catalogo-ele-0021 catalogo-hog-0312 catalogo-cui-0034
F04,fuera_de_alcance,B,,,,,,,0.8074,0.0008,catalogo-ele-0021 catalogo-ele-0009 catalogo-hog-0312 catalogo-cui-0034
F04,fuera_de_alcance,C,,,,,,,0.8074,0.0008,
