sku,nombre,categoria,descripcion,precio_cop,unidades_disponibles,material,origen,certificacion,admite_devolucion,garantia_meses
TEX-0031,Camiseta de algodón orgánico,Textiles,"Camiseta unisex de corte recto, tallas S a XL, teñida con pigmentos de bajo impacto.",74900,58,Algodón orgánico 100%,Colombia (Medellín),GOTS,"Sí, sin uso y con etiquetas",0
TEX-0088,Tote bag de lona reciclada,Textiles,"Bolsa de hombro de 40 x 38 cm con asas reforzadas y bolsillo interno; soporta hasta 12 kg.",49000,120,Lona de algodón reciclado,Colombia (Bogotá),Contenido reciclado verificado,"Sí, sin uso y con etiquetas",0
TEX-0102,Toalla de lino y algodón,Textiles,"Toalla de baño de 70 x 140 cm, secado rápido y tejido tipo waffle.",67900,34,Lino 55% y algodón orgánico 45%,Portugal,OEKO-TEX,"Sí, sin uso y con etiquetas",0
TEX-0145,Medias de fibra de bambú (paquete x3),Textiles,"Tres pares de medias antibacteriales de caña media, tallas 35-38 y 39-43.",88000,76,Viscosa de bambú 80% y elastano 20%,Colombia (Cali),OEKO-TEX,"Sí, sin uso y con etiquetas",0
TEX-0210,Chaqueta de poliéster reciclado,Textiles,"Chaqueta rompevientos impermeable con capucha plegable, tallas S a XL; cada unidad reutiliza 24 botellas PET.",289000,15,Poliéster 100% reciclado,Colombia (Bogotá),Global Recycled Standard,"Sí, sin uso y con etiquetas",0
HOG-0077,Detergente concentrado biodegradable,Hogar,"Detergente líquido para ropa de 1 litro que rinde 40 lavadas; libre de fosfatos.",35000,210,Tensoactivos de origen vegetal,Colombia (Funza),Biodegradable certificado,"Sí, sellado y sin abrir",0
HOG-0118,Bolsas reutilizables de malla,Hogar,"Set de cinco bolsas de malla para frutas y verduras, lavables en lavadora.",35100,95,Algodón orgánico,Colombia (Medellín),GOTS,"Sí, sin uso y con empaque original",0
HOG-0204,Set de cepillos de bambú para cocina,Hogar,"Tres cepillos con cerdas de fibra de agave para ollas, vegetales y botellas.",59500,64,Bambú y fibra de agave,Vietnam,FSC,"Sí, sin uso y con empaque original",0
HOG-0233,Envolturas de cera de abejas para alimentos (x3),Hogar,"Tres envolturas de tamaños S, M y L que reemplazan el papel film; duran hasta un año.",42900,88,Algodón y cera de abejas,Colombia (Santander),Orgánico certificado,"Sí, sin uso y con empaque original",0
HOG-0312,Termo de acero inoxidable 750 ml,Hogar,"Termo de doble pared que conserva la temperatura 12 horas en caliente y 24 en frío; admite grabado personalizado.",102000,41,Acero inoxidable 304,China,Libre de BPA,"Sí, sin uso y con empaque original; no si fue grabado",0
HOG-0420,Botella de vidrio con funda de silicona 600 ml,Hogar,"Botella de vidrio borosilicato con funda antideslizante y tapa de bambú.",54000,0,Vidrio borosilicato y silicona,Colombia (Bogotá),Libre de BPA,"Sí, sin uso y con empaque original",0
HOG-0501,Kit de compostaje doméstico,Hogar,"Compostera de 20 litros con filtro de carbón, acelerador de compost y guía de uso para apartamentos.",214400,22,Plástico reciclado posconsumo,Colombia (Bogotá),Contenido reciclado verificado,"Sí, sin uso y con empaque original",0
HOG-0610,Filtro de agua de carbón activado de bambú,Hogar,"Barra de carbón de bambú que purifica una jarra de agua durante cuatro meses.",39900,130,Carbón activado de bambú,Japón,Orgánico certificado,"Sí, sellado y sin abrir",0
ELE-0009,Cargador solar portátil 10 W,Electrónica,"Panel solar plegable de 10 W con dos puertos USB; carga un celular en unas tres horas de sol directo. Resistente a salpicaduras.",159000,27,Panel monocristalino y carcasa de plástico reciclado,China,RoHS,"Sí, con empaque, cables y manual",12
ELE-0021,Lámpara solar de jardín (x2),Electrónica,"Dos lámparas de estaca con sensor de luz que se encienden al anochecer y funcionan hasta ocho horas.",89900,46,Aluminio reciclado y panel solar,China,RoHS,"Sí, con empaque, cables y manual",12
ELE-0033,Power bank de bambú 10.000 mAh,Electrónica,"Batería externa con carcasa de bambú, carga rápida USB-C y dos salidas; recarga un celular unas dos veces. Requiere enchufe para recargarse.",129000,0,Bambú y celdas de litio,China,RoHS,"Sí, con empaque, cables y manual",12
ELE-0047,Audífonos inalámbricos de materiales reciclados,Electrónica,"Audífonos bluetooth con estuche de carga, 24 horas de batería y cancelación pasiva de ruido.",219000,19,Plástico reciclado de redes de pesca,China,RoHS,"Sí, con empaque, cables y manual",12
PAP-0012,Cuaderno de papel de caña de azúcar A5,Papelería y oficina,"Cuaderno de 100 hojas cuadriculadas con tapa de cartón reciclado.",22900,150,Papel de bagazo de caña,Colombia (Valle del Cauca),FSC,"Sí, sin uso y sin marcas de escritura",0
PAP-0027,Set de lápices de madera reforestada x12,Papelería y oficina,"Doce lápices de colores sin barniz, con estuche de cartón.",19900,200,Madera reforestada,Brasil,FSC,"Sí, sin uso y sin marcas de escritura",0
PAP-0040,Agenda 2026 personalizada de papel reciclado,Productos personalizados o grabados,"Agenda semanal con el nombre del cliente grabado en la tapa; se fabrica tras la compra y suma tres días hábiles de alistamiento.",54900,,Papel reciclado y tapa de corcho,Colombia (Bogotá),FSC,No (producto personalizado),0
HIG-0015,Cepillo de dientes de bambú (x4),Higiene personal,"Cuatro cepillos con mango compostable y cerdas suaves libres de BPA.",24900,300,Bambú y nailon libre de BPA,China,FSC,"No, salvo excepciones de la política",0
HIG-0042,Shampoo sólido sin sulfatos,Higiene personal,"Barra de 80 g para cabello normal a graso, equivale a tres frascos de shampoo líquido.",40000,72,Aceites vegetales y arcilla,Colombia (Bogotá),Cruelty free,"No, salvo excepciones de la política",0
HIG-0090,Desodorante natural en barra,Higiene personal,"Desodorante sin aluminio en tubo de cartón compostable, aroma lavanda.",29350,105,Bicarbonato y manteca de karité,Colombia (Medellín),Cruelty free,"No, salvo excepciones de la política",0
CUI-0021,Crema corporal de karité 250 ml,Cuidado corporal y cosmética,"Crema hidratante para piel seca en frasco de vidrio retornable.",45900,60,Manteca de karité y aceite de coco,Colombia (Cali),Orgánico certificado,"No, salvo excepciones de la política",0
CUI-0034,Protector solar mineral SPF 50,Cuidado corporal y cosmética,"Protector a base de óxido de zinc, resistente al agua y seguro para arrecifes; tubo de aluminio de 90 ml.",69900,38,Óxido de zinc no nano,Colombia (Medellín),Reef safe,"No, salvo excepciones de la política",0
CUI-0050,Jabón artesanal de avena,Cuidado corporal y cosmética,"Jabón de 120 g elaborado en frío para piel sensible.",18500,140,Avena coloidal y aceite de oliva,Colombia (Boyacá),Cruelty free,"No, salvo excepciones de la política",0
ALI-0120,Panela orgánica pulverizada 1 kg,Alimentos perecederos,"Panela de caña orgánica sin aditivos, en bolsa compostable.",19000,180,Caña de azúcar orgánica,Colombia (Santander),Orgánico certificado,"No, salvo excepciones de la política",0
ALI-0311,Miel de abejas sin pasteurizar 500 g,Alimentos perecederos,"Miel multifloral de apicultores del Huila en frasco de vidrio.",38500,66,Miel pura,Colombia (Huila),Comercio Justo,"No, salvo excepciones de la política",0
ALI-0455,Café de origen tostado en grano 500 g,Alimentos perecederos,"Café de altura con notas a panela y cacao, tueste medio; empacado con válvula de desgasificación.",48100,90,Café arábica,Colombia (Nariño),Comercio Justo,"No, salvo excepciones de la política",0
ALI-0507,Chocolate 70% cacao orgánico 100 g,Alimentos perecederos,"Barra de chocolate oscuro endulzada con panela.",16900,210,Cacao orgánico,Colombia (Tumaco),Comercio Justo,"No, salvo excepciones de la política",0
ALI-0612,Granola artesanal sin azúcar 400 g,Alimentos perecederos,"Granola horneada con avena, almendras y coco, endulzada con dátiles.",27500,0,Avena y frutos secos,Colombia (Bogotá),Orgánico certificado,"No, salvo excepciones de la política",0
REG-0001,Tarjeta de regalo digital,Tarjetas de regalo y bonos digitales,"Bono digital por valores entre 50.000 y 500.000 pesos, enviado por correo al destinatario; vigencia de un año.",100000,,No aplica,Colombia,No aplica,No (entrega digital no reversible),0
